costo_total,tiempo_entrega,distancia,costo_combustible,volumen_carga,temporada_alta
204.81923571282599,5.38609988801704,291.79660866216165,26.0577600663085,676.6323135140947,1
121.82243101694614,3.6372778508290082,187.68880483884465,28.225623248326198,691.6708014968369,0
129.28043803347714,4.4322453409117655,314.69717914941145,14.834842752528719,538.1022964181803,0
112.95176849384345,4.197626601836644,313.53208905441755,22.615081482618077,701.0506244985553,0
147.9490265838466,6.287110019107438,353.666733120563,24.729674759151703,522.4752441572457,0
115.64422414760975,4.38048502652791,299.9558166188137,29.634291752466222,463.6171751955538,0
136.44561509650353,5.7472828767309245,228.3511894579335,27.971055665797344,495.2047216062275,0
114.91677755314713,8.015298871357977,295.6312686445275,19.759310721838467,593.7067416887398,0
137.216202158255,6.894292316776482,315.0263676132615,33.45840144559159,424.7091080983332,0
103.16216724989982,4.341177714698549,229.50572108502482,19.679629178030446,397.6054680170556,0
145.98383449949742,4.480343160517024,268.3349388093691,26.84893579935037,381.5064212409253,0
161.74075585543207,5.68297948933587,238.30192550617616,25.298039317506422,564.3550804404725,1
144.23417837530093,2.4970059394795516,399.7809289538411,28.04534055516724,483.30764869008567,0
183.16368579327815,3.7068717574852807,242.58506560795922,26.647569814151048,560.3280682557162,1
140.5609154169057,5.739366272185612,266.8758093273536,32.576263290441176,346.45525727490065,0
155.5531432511172,4.813529905781771,311.493074520867,22.502937929888336,466.32429227961825,0
136.15417002262262,7.9027044311005135,273.78209249367836,19.319805580588138,509.90689287745283,0
118.73285327078862,4.072336017523417,304.8097020464783,34.475678351604074,394.8252674891997,0
178.77466235555596,3.429741520677414,286.40244360028896,28.56983185587843,546.4729269885179,1
160.4901129708207,3.665573617009696,308.95627537905875,18.725595724417484,415.3937344964286,1
126.0784367954349,5.021060805795693,344.4569028080545,14.452538037362517,579.4512728107405,0
155.98293800826897,4.758755470751324,318.53557694369914,29.392233609321696,593.7141180615774,0
155.92647898778714,8.345539473247907,343.447314965944,21.83033202988128,546.4517326169121,0
147.35405047464414,4.4013264222117146,297.9905788305667,37.17833290395168,541.6917463711011,0
117.20355110752512,5.081666845046858,301.06953320215626,28.4830558803609,369.78543876059723,0
153.8134778157005,6.3262727227926785,269.01893607802424,26.32371605201303,502.9822381209873,0
192.99780159134727,4.838029157985599,269.99108529715375,30.37894764507743,695.0918764842083,1
192.68179389146042,5.833410476377731,263.1496690869863,34.00589325239916,242.61428841285698,1
120.90716239525092,5.592359953925265,327.9691377814252,18.462723445308285,575.9064886368778,0
99.28936098103708,6.2558075339709465,351.9724494874707,19.32414735752375,481.2776560790512,0
125.19113844000121,2.888182744405134,333.4686787320253,22.145598126928068,517.0317170961622,0
136.357870268877,6.211774120452353,340.3296090573184,28.533707628680467,595.4693643107431,0
89.57264023017343,4.792574533038485,305.034492855977,18.704999366008153,597.8201461024232,0
125.83234178381153,5.280767878000994,271.7422997881357,25.187457627350994,563.2009852332332,0
112.27999908076029,4.420012796729902,368.645380369352,14.68743506734917,601.315669933625,0
138.76871743954018,7.48857309468799,310.09572331155596,26.141259713507814,610.2435124879119,0
127.64899263703381,1.9293963033612158,185.20757428527537,27.097311851367003,549.4606553687282,0
118.88478764049079,7.098975479459261,289.7462575352624,20.54727473351857,539.2679344286763,0
128.40397777226752,3.9814893181967124,274.80695104052285,24.858121875935634,415.3972628118034,0
154.51866730834743,7.293477701893939,292.8974623687177,28.7956780147201,604.3654221339003,1
176.71400069419147,6.8318239448802025,207.1656798955216,20.147640970574706,538.6797879333869,1
138.2197866262502,6.522482775174048,321.7202289943987,28.09451928425839,597.7081698120512,0
138.60355197030037,6.242194973524552,273.6983290270324,32.56562750473128,492.0779002048948,0
218.72062898944066,8.399439062315288,367.31490163641945,32.34142738425686,616.5954940933325,1
121.26707496141205,4.1075664947998565,198.00530878418283,19.17970673238408,347.7956402805635,0
158.85488854168068,4.128095693707376,364.33951622771315,25.309803306467444,509.3115933202853,0
129.11779671634122,4.0161587807242,279.42685236145564,22.733653433362193,668.0760645166743,0
154.41334862271336,6.38772328003531,325.3819783073493,24.547309276844917,419.4101268591188,1
89.69292289982609,3.0512579836237195,251.94495651255022,29.91764508587344,358.6642902874478,0
156.04864616356605,6.516750300816143,321.63834965962553,8.173904055931665,643.4009279182308,1
118.04283661485573,4.5673397258499895,226.98437121935046,20.879678182821916,454.1966616781872,0
138.26418649419824,3.3984304019670413,326.8212885316413,21.93494909858114,583.9358628755606,0
138.37793815985862,3.3835986536654543,254.17012333977775,28.83812440963339,657.0452853256464,0
180.0666260772244,3.8048393554708815,213.75742701150818,36.05069031187612,636.2647898611904,1
192.78986153979895,2.77093612720942,317.3106813403152,27.888023284743838,471.6198453183217,1
154.1874535675065,5.771193148510335,330.65849866597296,30.927413777026636,663.8763842732893,0
127.67010732383886,6.277686296664605,287.04847458786514,28.16334572365415,484.9529963699657,0
208.54801277495653,6.438010155910145,339.158512812747,31.39197172617164,684.5615467485422,1
141.66550579626448,4.060273926309525,389.09223608250437,24.691521993313586,765.4302496888552,0
104.86149978696623,5.461896519313304,357.8068921372314,26.522642418104557,335.75074214735133,0
150.8425071237366,5.00780852740333,240.26136150537823,33.51339113213393,633.5363537491173,0
125.49780787308123,6.037297861463786,184.58315697274153,32.32281151074004,432.6035779273729,0
145.28735585275916,5.667293238615968,265.089832144317,34.251491927569646,377.72024237286644,0
119.73628768054577,5.135419298736567,233.26605941155825,23.94816272908542,629.6252535367637,0
140.9667014193563,2.212485650989834,364.2085772023073,21.83128465091591,601.315079666356,0
117.08243478489462,4.750129934121753,274.0495261430323,26.616670467064267,258.94607024323454,0
97.70820463799384,5.166314720206182,240.19505531719992,16.677275366512593,401.47630541478594,0
121.13712446651449,3.95784103398351,358.64001269527256,13.442484908420846,434.3697958602063,0
141.2255744978937,4.5962366510915285,316.6962495701264,27.768855190436856,429.9273879051953,0
131.6568143083892,3.0511622749838287,275.0155955225156,29.12370897400384,494.34429367929823,0
113.30237967370918,4.518341829346116,409.872301649871,23.83596271668373,447.7814376705814,0
129.2138354274548,5.758803113240697,323.32503503945543,15.754068092789732,601.9448637733777,0
118.00864855869763,8.133589356805945,223.13870786323383,34.50041410737692,546.9594333678057,0
110.96013899095391,3.4809361177995832,217.4593304787757,18.70782363651349,533.1085391650273,0
141.92986558240645,4.964038894595524,253.94010665131998,30.711662027132995,629.5604184752139,0
134.6673663449636,3.5577964249421896,358.87816029034707,25.441000725683455,649.4539800867724,0
142.5469416950282,4.861150716550112,390.92198859781996,24.46138564611943,402.182718032727,0
206.12974030757064,4.664401878300208,296.9251943323522,32.05618165847732,364.38343809615947,1
146.06483171070693,6.249338243148998,268.8266793746148,26.517052893608426,481.28469586261593,0
189.48036896356928,6.4611793675856095,338.8481419083256,35.304515128802684,641.179487482525,0
115.73738681872258,5.24422723654715,375.41117801564957,13.445821572123984,348.2856870728401,0
129.81199854125572,4.8282619698434965,207.5393769233732,24.57814483920242,462.261390976848,0
132.77654763397635,6.779702648924968,279.32133027323687,26.59637472666572,496.7772830874994,0
118.03522342374933,5.269687476294767,335.7209362254775,24.887888539299627,553.6835135234736,0
201.62834761998985,7.274662426450228,351.4107845718436,33.36776162906462,567.3891543326887,1
221.5984627997167,2.5489519705578227,276.81390440730297,31.182152396401236,638.679978099793,1
126.72129751009716,7.672956351493648,320.30995629637226,26.05549224705809,364.66448781815177,0
167.3109749310776,4.073408448669218,379.09542800735557,19.275893347596988,544.3284456556505,1
103.74324126334193,3.370401060711865,168.98101328401322,28.407193935204255,580.5565947052078,0
113.59589284204775,4.932870007992933,335.79334619642594,24.998155275594527,481.06301717092555,0
119.77332092769856,3.254446370377615,384.08647144057477,18.328924764585086,524.4472569655065,0
101.77612887668421,5.853409242506328,264.0148537812853,18.23754621674152,545.9253549525488,0
168.55972922201371,4.30603421668936,260.1127534251343,29.476645442431337,434.4495160062132,1
113.35211273375727,5.4310326572487915,239.48908352503042,20.49751248152814,395.4654263060662,0
131.7536083510605,3.533991933742569,297.28762661780536,31.078788503765953,545.0312452761156,0
185.30112594110386,4.6663456123461,334.1147518573929,26.645199204400885,405.68059202184185,1
136.69339177368443,5.145397651820294,249.47693292324507,21.462146855331724,532.0867794570538,1
121.06437738827364,4.717423476679281,334.7821548703789,23.03573109625045,475.6916757573981,0
167.98269786469885,7.3874032375594165,378.57146193967486,32.874272739098544,577.2283779947355,0
149.81197652581042,5.878716240912173,368.5028219615388,11.34913806411291,497.37002117146545,1
118.1898708116945,5.305513088022562,413.29289353962844,26.09365415667615,411.11237658479087,0
161.6825641787101,2.2152189494021384,325.2821579347943,26.40282990822687,661.2444247585798,1
160.49505646958062,5.567284184255696,310.2974264442849,34.99649104662261,478.47896199976583,0
152.43430105136133,6.854210472757504,361.62961548429143,19.81610469812036,608.5737660592418,0
94.86130244679052,3.9650422946974553,239.02501231694393,27.661850363568767,490.59599788233345,0
116.65433448319216,4.70246796168238,240.9104899950038,28.301113821352633,575.4644184586705,0
119.48409137489737,0.4613901906161004,269.043128878631,20.049207824637982,398.1699005449029,0
114.25789937668317,3.1315606648823957,235.303676400475,19.394246270103338,486.057551915749,0
101.24384598020995,1.8739407927300178,342.5677566652311,22.767863239621875,433.7709612804674,0
142.92929914687645,5.156182469438938,309.53295174469866,29.792516946457756,346.31283438372566,0
133.92741031028805,4.774649758893004,271.3640108883701,25.619693960457337,323.66943879377646,0
103.07444685775029,4.841275245333931,190.20379939157186,23.90525310501892,666.7729567927511,0
122.19734739662866,4.344568791536204,243.38086766114088,26.94831697617759,384.0050127551177,0
176.62967840033713,6.528704474397848,380.4857302858011,28.83581096407658,486.62497112284086,1
172.9072643753928,3.1507951605035416,408.03703008756145,31.360477043939483,629.4628185389824,0
146.9849006575871,4.888813192550834,397.1175249832785,21.92501813835864,577.5437721558695,0
145.28141524862036,5.894583774127311,314.41355857292723,24.295113265962552,509.53527249779546,0
138.2211888292754,4.730911156803096,234.09751475899242,28.257309546131054,499.16316112414813,0
127.59661275889684,4.86380739833847,262.65873696585965,32.84521198853113,646.853555644799,0
176.86780721889698,3.762380556626535,341.58373685502954,32.69064651909918,474.07970947306177,1
168.40548294930878,4.497545808356473,427.98093172712447,39.55150265513176,469.0792292896764,0
191.29579739963296,6.077526211264298,343.7861104039465,19.248402847419385,542.3624907115474,1
193.13243652764967,1.9708067229820103,299.88443773373837,29.14447400469472,468.40429626550406,1
125.42198036005229,4.7629564264532895,307.8598333506873,15.643492142498337,609.5769872697435,0
93.35456830990888,4.123677307891708,232.25122501883172,23.991468397213886,362.4970465314924,0
127.11593392919349,4.8945402534283025,221.89481351390288,29.12000458862136,422.91250612319465,0
171.03665004988306,7.6597718450391135,262.65345938627263,29.369693178633796,652.2079228457812,0
105.07316610883177,4.330056061118918,292.751279114293,20.788990478507426,462.20969727961244,0
139.02323174591038,7.234061867913745,242.38359970004262,22.91257915831081,565.9271433316532,0
194.85141410851028,6.6504630820590975,394.2091227367081,24.057366385829567,524.4541262026094,1
123.63995078578138,5.044844476931213,254.3933207078533,27.379994054256855,533.2598008720756,0
113.64558854899748,5.13065871637494,288.6926030948393,18.591933085187932,402.26114327601346,0
148.31965674860496,5.271852413287419,252.42866991272604,31.756401185094116,539.5062732034496,0
95.0422293716262,3.7622423042191597,236.4295556313826,17.06487375651958,577.2683459908063,0
113.06326000663458,5.9402581503530625,256.47483242564414,22.038739184433577,637.8013663697049,0
151.64073631878884,4.080953229352414,390.3197829878982,27.41906261427382,536.3809617387816,0
129.73705229571326,5.053613503275604,331.835541208408,25.7645293841345,530.1542136362486,0
104.44244043060921,1.7060560827603042,299.9008769812499,17.997845782751945,433.3180788903342,0
140.02231394807302,3.705075966007419,286.8665928215167,29.623093139194072,545.573119979275,0
151.86986659085113,5.802649044559127,367.24476492787016,35.4791252600034,297.4109615842964,0
194.70035697124786,3.314805057183038,315.18505577120845,41.42276062074163,571.1508947044099,1
164.34038517802583,5.500947639082028,284.2091109271693,21.52772623895538,571.1223423011644,1
149.0611410750847,4.239154317178974,323.8461168704647,26.177785528446478,627.935089418912,0
180.97062472221518,6.485225256692193,246.92400056024994,30.300693161037685,389.25012128635205,1
111.5170489956144,6.8869159533082485,277.1405930847594,17.730839410838065,432.9292043625527,0
131.21483841146068,5.266437378071854,373.6904136558768,24.67533065060577,378.5458282709965,0
242.1511088453811,4.9776988753141636,407.02300413390105,34.39764531154795,686.8390856566193,1
156.19190564727015,5.060654171490649,242.3666692874398,20.64548586962283,449.1714910310533,1
111.48771278307693,4.967832845534084,289.4418454003333,18.99703261938307,571.4407857051206,0
100.86972186287778,6.787484874494625,310.99009240475306,27.527418203786684,501.28407649339727,0
131.2367682146695,8.75729702795367,292.03388502128223,24.44667109310813,450.3448689436762,0
146.0627365219654,2.9998083098375767,356.09336251857104,20.170121875628272,691.6141113764404,0
143.68390289973897,3.4575910194688344,240.00858690740705,25.432370403770886,591.6465146398048,1
135.4893285932945,7.044754496129939,319.5571347282707,23.000177740121025,550.077932827691,0
115.75899912923597,3.2865881097608813,347.1541939328075,14.002106365753953,528.4494263015695,0
107.47289449690395,2.941961802631263,399.30954584542366,17.913974705412635,569.2420050923209,0
157.05260357781063,8.173057153274744,228.99448543353742,20.22947350529156,530.9720465059519,1
201.0265468159362,4.588587671742412,293.4077994521246,29.808916466823057,565.5216183688171,1
190.74780471720865,4.624781864988162,316.79593683580066,22.83899331236642,439.0022534946464,1
194.05064719372336,4.236754400101666,288.8366013724784,30.12448861163734,410.3059235124687,1
102.06551816560386,5.872011094112626,246.47174256747002,24.549255936620675,277.07015829013665,0
141.13400608507732,3.3003498790834214,222.98550913089161,21.512838233461643,367.54775766023994,1
112.05300658478419,7.6615838368809746,351.04111586803583,25.063513651214837,430.11537159029865,0
128.0657906365061,6.129569486003962,331.7843377891186,29.556064284580174,588.9344464572933,0
201.5484042862187,4.922299652348149,367.8810797193004,23.4565005967605,619.9968704177344,1
112.78849167339227,4.17244160080837,250.3433013319663,24.730883816831813,576.6650376624946,0
122.38331504798167,5.1623854100895095,269.9360628059213,19.874081628253197,588.270305514099,0
195.22270628696944,6.565954477136595,395.653559862405,21.53590366595393,452.0700612952314,1
142.3921243108519,8.926163942954311,350.2165830852217,19.051513804354478,488.2351362962861,0
145.0392222473203,7.263152561538489,343.2642107577429,29.940976895742757,401.2789152782043,0
195.12457912116787,6.519353730609001,334.47263563273964,26.57817160986727,607.6759099214038,1
150.7210469727819,5.064568610821086,193.30379509370744,24.711717169172033,472.1987839990288,1
147.6766563079525,6.8487569159579325,363.45255273022957,20.330349147546265,512.3137297586185,0
179.8934643122861,4.480383738592703,205.91757894835536,31.298189520632025,523.3737914133549,1
127.2459343749499,5.497825075159478,262.95392569045765,28.882717580394107,660.4210118184508,0
188.5570048851875,6.75604389257811,317.6159133227182,30.32727116022572,527.9905350264037,1
162.9058733162673,5.910160537577779,310.39777632484913,31.860574428970658,601.4070413344516,0
141.08901958086432,4.002960510852526,275.82871331907893,20.006824325525255,573.7062322177791,0
107.5457810368036,2.700839189598377,298.7084941460942,25.11735293651654,398.2251782703903,0
179.46333120356888,5.752244914478828,294.26734779449976,23.51671827210976,410.20460494872066,1
152.69294101475256,5.201954659437373,330.10666829787954,33.94936423708278,557.2381048903628,0
166.0271211875577,6.394984652840606,326.3206069516372,22.609209930390396,406.9017688286007,1
172.03903532993505,5.086834192644781,309.18928488099243,26.301574157771544,402.8481325276739,1
166.08427532292356,4.430624549701094,325.5158439687486,25.824605016936527,617.9958936312946,1
109.42775148409575,6.580929655696307,314.994211723187,17.472609068674924,521.1772098569887,0
170.81360187514832,6.4944700296269335,316.69761877017146,18.587536498271817,439.9234263307208,1
126.48876958486161,1.83620987294485,324.97986448710134,21.449561388254775,400.6234405281789,0
147.91884610960653,2.721326592738121,292.111135000663,20.425377752005144,420.8487973337037,1
123.1106759343275,5.194751938366213,293.28591686821744,30.074601857466142,391.2824009481112,0
170.21502510055478,4.902143198361229,356.2377768120902,18.572132579216042,580.1149155164915,1
114.01634798736148,4.719522425285541,265.41720625869914,27.746080090586624,423.9214658182446,0
130.31798901503942,6.23589874736266,238.1790058381397,30.93444454518911,440.48932227156956,0
106.23334233487365,8.023247622441499,331.08696784030593,21.67660711659592,339.43511536577927,0
124.26036545414068,3.452827800058854,327.21182174978424,24.376150238826153,492.3609636256394,0
216.1115376654934,4.898723335586347,360.4828738198923,34.960376037963066,688.3470230872679,1
148.47715828626485,4.961927662404551,304.4951560419294,27.649151776755392,465.3096628536552,0
139.91032211365794,5.307939792247932,312.30951474754306,31.050416772717735,480.66225105239124,0
104.99737981090826,3.164540403446355,286.1595352495258,21.764913012266906,337.8411689330633,0
126.67240882107991,5.701144817509969,219.5341543525911,26.995929196714798,570.8319011568723,0
144.09585146152338,5.055051523555945,289.3131823306893,25.52105424875657,676.7460562439928,0
137.72183843956975,8.058349047406484,343.95089041584515,23.513652587445364,727.3131438398079,0
120.86147342851035,5.5772161867680765,311.88311615302274,19.067188643744267,524.2388235458088,0
145.492880188138,3.9492086673726985,354.989558581622,22.661350099394607,582.282121753828,0
130.51907256866647,2.754267939687055,335.0114603522079,26.597201987519863,721.853451483639,0
168.56678879228826,4.853082926393261,291.9957400447339,29.08734497564103,555.4864062234188,1
239.7983886722346,3.8755256098350905,428.9672043069452,26.298459008536014,802.8167054256612,1
111.68136926060112,4.364493967466085,389.54619644020306,21.592281011283646,453.1436695919621,0
130.93414348377854,5.518478688323919,277.84841202755024,29.073073926335994,466.64485168129704,0
192.86513385816576,5.352526703852793,296.0940966285966,23.23970896217046,628.7366377056875,1
138.88591981377894,5.290850776626478,383.43353335232973,31.20753616163325,266.0536195649517,0
144.9265840421537,7.088393823933387,408.8672644652782,28.676746920574764,436.39680427214137,0
196.85034434406728,5.611933539615568,399.056062354351,26.210052604718832,625.8288698215678,1
113.9704523228121,9.070220383540557,232.92299784982106,25.379934107328452,507.5777248332269,0
142.23410653438043,5.24200238756227,326.26297165942685,26.19285885435452,713.0232338212594,0
133.91187860359025,4.389655714541142,390.58224979314866,27.04598371723603,185.89681897156765,0
133.44478111656252,2.7543598083315,302.2277984537628,26.667026115464342,282.13251108240115,1
125.95587930154704,3.028442679406777,392.0488296796982,20.697776602280797,306.5188465014952,0
185.38225862310742,6.360222713753712,301.4911938662559,29.60586948501092,548.5652892699673,1
126.13412532746568,5.973398492949667,331.35780318352516,27.098870972390408,474.84141130773247,0
115.58441698661963,4.865451911100905,277.5175555504267,25.069993016138156,515.6992563837852,0
108.86375083717952,4.663431778677377,277.99766718330426,21.032947359669322,510.8516495768979,0
121.71819221599966,3.6685927291963605,264.6786367442241,20.18329724846541,564.7517080744561,0
112.96956287721439,4.750448630060755,302.9096629863849,26.53716256597398,334.6089146244612,0
154.203993910809,5.185233461160238,258.67984600566854,24.75647167819537,641.8790028052908,0
178.03737072018978,1.9734711486943457,380.88381321310885,20.261136961122837,430.9887775329437,1
148.73855076515136,6.087789660705074,284.8013462609683,27.0386385254453,592.85703471829,0
133.56380915889386,1.9591342092721726,319.11076805563135,26.133573256115376,455.95401240132355,0
208.89396703774977,5.5054674971734965,288.01031598396753,30.557159623851717,551.2345502786643,1
101.63205983267551,4.932952514460641,370.763985868676,20.312669167250117,518.5045089276823,0
110.94076263727598,5.4381111076712925,312.3365583247019,28.638457969898525,441.85885135084703,0
118.40060020157019,4.027251655656638,342.5014735360266,21.250168599041952,421.17120915746085,0
169.91322877224889,7.540217371729217,315.4221030852412,33.20551197347439,605.0895906341071,0
155.96886445450633,6.077138720357626,379.14848409621476,29.900377512587962,533.1137479461521,0
125.8674445306894,5.953124257195554,296.66563579054036,23.751932282716915,604.7641233524648,0
112.71347602332506,4.731596592429548,203.41173055492885,23.471788750904988,485.5579881726507,0
115.87538790105825,4.887118467873404,324.14863593153393,20.72472033994887,274.30227874703166,0
147.37191937804772,6.328547131250885,317.35752129630845,33.58854216334707,677.5458376392116,0
216.7172396307811,6.953436075753929,288.44719837906274,35.096268372707996,559.2314475543174,1
100.22823346690048,7.100262688329666,283.4151854711564,11.941195075630285,530.1892191367967,0
134.442123632191,4.93041905244677,300.75777815655476,31.02401440785235,518.5002995221964,0
183.6219066668168,5.0850520225896565,306.59479779068494,20.58483101914464,425.91315585187516,1
225.43189909289998,5.4966203265227636,354.2234676250399,28.374509007017807,417.1058567094975,1
141.3950771017195,4.607328659692604,288.334070932659,24.956402171034384,500.04093704577974,0
128.9842263036899,3.936102620737967,346.03532024715463,21.620128706539298,765.5257004482714,0
115.12197904492967,5.249688778295291,201.33771199537617,24.660904270043407,344.9181747476192,0
149.32355588250817,5.70998397689904,316.4719837178204,28.080635545796024,540.5052534275701,0
167.7352042975639,5.785556265523496,219.04899398020316,27.627606542004113,531.0796827474067,1
187.8404294699623,4.886696513426929,342.9754154596524,27.87405606568806,527.625133062822,1
127.34324405821818,4.01294141735751,438.74556902153245,15.571774763416329,415.1432027399119,0
182.69178006275712,5.748899019876639,239.0719878774895,33.121177661612855,576.789297287145,1
125.20352861385902,5.6014965979490805,382.00517190873023,29.100537889127192,246.78676490750263,0
85.81747492854132,3.621429623800796,259.98840846254205,25.222680112856434,427.98520354152254,0
151.57662589330926,6.42324389380726,298.96458736254544,24.13177903457797,400.0062250029904,0
139.64862301052912,6.139744767645885,347.6344883344664,35.120530288999845,376.16964154400455,0
109.12709643216286,4.937199455438769,255.57930169688635,21.897108937859546,690.6020808661675,0
193.30113052054503,3.118637458509328,305.7814407590351,28.0551648548115,604.787704185408,1
175.13906617117254,3.178793244915963,242.90178940556626,19.192532857640103,624.5184281452889,1
145.49178925767328,5.651682085044128,360.83556885789744,28.5085524409561,585.7923283943963,0
92.81283763816542,4.211832946773966,283.11630051487003,15.058171868839679,365.62157414081196,0
124.81950409674654,4.588840465516125,274.16213783655667,20.682797269177186,558.3920986101115,0
134.80984613298725,3.3066669112589944,278.7364620835352,28.967081417479953,493.87231156798873,0
140.060098307061,6.234890376547115,250.74337570670434,27.675324525501225,648.4785186093018,0
146.94156073877707,2.1623170304221775,289.76356825820096,28.80031097364163,479.6280581172197,0
121.20995025892185,4.92849501368559,189.8698867863352,29.721568198202213,459.64228480865245,0
123.62161623316715,5.532792835533221,403.6596956802726,19.8831248142917,459.14772753242937,0
137.5019368237729,5.9179036444594,340.25909931165614,28.153059964860184,511.8208381770727,0
195.73282916768787,5.7233793201744,302.1098849064441,31.755603147787216,485.50766339736373,1
152.53651095593807,3.170703536742168,212.3381441194026,29.609961083424228,623.9681658838897,1
151.12876395231552,4.3812609954046815,330.72196991866076,26.338138298936556,572.4754226534392,0
114.94823484917607,3.8832002825130214,318.14943369184743,20.049564793949887,635.1611020311266,0
184.86426526141773,3.2418551802650044,245.3581066189097,27.104384772853475,646.9477108048142,1
140.73280272472815,2.3595853243950446,302.1628510584003,20.30383875461069,588.3490611009139,0
179.03576365886772,5.717868428550615,285.9539509823634,28.800475522426442,564.344433519887,1
117.18236267641547,6.76938295385232,149.39947982192106,18.724030531077638,500.87838358106785,0
174.6442005543593,4.1428763547841445,308.8442230174116,20.700828266495293,467.56474775279077,1
178.56148703275764,6.149867869035177,341.63054255069886,22.650654276332233,496.75805885243557,1
171.01585150618882,5.804920252817404,234.83481399929283,31.235182300803448,568.7776426362889,0
106.80869565676619,3.6436982885053846,277.5141365357819,17.50293218769384,418.79371456151904,0
174.03859571447848,4.8282776517068315,303.2417087552754,18.893910644561714,603.8484414834438,1
157.22229960949252,5.062332968849537,255.70972343740038,23.692105235717268,222.52253305186662,1
150.256802582338,6.10873707685619,310.4648482317226,28.861917843122132,488.26389408672475,0
164.0979554671707,5.164573151087074,345.1521055378543,38.69202955831493,568.0208637252795,0
98.08405476448648,2.385623452531352,298.54513572260464,22.008993322939855,349.3592713105944,0
189.61463907780316,7.746340470726603,289.98847816005366,28.26210082450152,514.8857813892695,1
127.30006314926307,5.58351423188082,247.7940639368161,20.530116877596164,597.4616466477695,0
144.10815729433776,3.5086667175405464,283.08150451487967,13.145050878718877,351.48126736722315,1
169.62736944443387,2.693963530270625,264.1409316813654,24.85831875749555,386.87607416249307,1
134.04708624527345,3.692751389579924,403.5684313738169,16.29833700013404,517.6312015072323,0
117.25292989198304,4.47412828954705,331.60976223746326,29.264973415614616,435.2248189517105,0
153.04156545843418,3.9812290698675934,382.08906015519005,28.971858594559535,457.9195775829747,0
210.7136999250312,4.287053657686538,378.05639012926883,22.45557571486772,576.1704078271933,1
175.78257023537037,3.470778778472587,231.06077502966252,33.97278571757206,507.03334086931693,1
169.1291019993782,5.833209619976805,398.8280226350247,19.085698757072787,604.320620347717,0
108.30237391571241,3.4274083994767377,294.98018160922965,23.46545743819857,554.9066658544075,0
165.6037160317244,5.808316461125828,329.15700568014864,17.115277962115073,513.213693134764,1
146.6242787402744,6.018218472242748,266.02753564224855,24.217794327741696,705.3522297997177,0
147.6125140932651,2.744468105221863,297.19322782374775,23.27964715366238,410.49548245140346,1
107.65517921352003,4.291406501900419,232.8225955617542,25.282791467947423,543.8741074530163,0
150.97959555594008,6.363912856991883,350.94845195257506,16.56343043873701,188.52049546737038,1
160.90572782277385,5.236742351725785,298.0936446325295,32.50557278990389,593.936772900061,0
226.13101331903806,6.299478006271819,314.4748403490692,31.209449411557515,448.3395052896278,1
139.19583631796212,6.625560727179731,261.9250434935203,26.13240111878322,640.2998453531807,0
167.9598977111419,3.309617895720127,299.78853461080405,20.93569439947899,313.88887213760063,1
177.7024149443189,4.345660801743897,293.3874298243487,27.60728583301655,543.1658624865566,1
119.82549222467544,5.43397493857339,279.5212620189761,21.119730526790665,493.71442573868717,0
112.03587324078818,4.574514940827619,227.39479507910806,29.72776129831123,485.39609949528386,0
116.4944797041464,5.495272588553255,304.67757017073325,14.561836124509748,588.088707326,0
199.7588365569271,7.19326702424147,363.8793292336447,25.289574061059064,484.3412298457178,1
120.04886607117788,4.6922702344455205,277.31651415541694,23.49427243820393,404.8981799197842,0
169.3647151920492,5.319361120091655,406.2146181129069,27.439799087912867,510.865985711723,1
164.2215714767088,4.79992595643901,311.0631891545893,22.556382480077676,423.4808315374841,1
158.7588091222412,1.9040093142936536,354.3752416466545,16.894358331559836,427.4980992974836,1
169.34462721373706,3.7308558924411708,331.6435901212136,16.460457589697587,438.88812154706795,1
111.51972031717011,4.666036445931493,264.79031480792185,26.31675801664363,523.082321727066,0
144.58459072966158,4.2949121398094405,323.4180774984816,23.30495488088802,396.6550293342158,1
182.89355195348233,6.175484661736048,278.9850635609821,28.347362924894515,498.9972985550712,1
122.8757872887167,6.604187963964618,315.68059820023177,27.570936460977407,282.1872146869347,0
166.31163318946054,3.9414481583268364,341.2868343392245,33.01915498101598,506.8303199722773,0
164.05801368662455,6.583092144212463,259.66530865931924,31.692357037794782,607.9757129715306,1
215.02074748106813,4.194547814642015,365.1908732431071,25.650214619034625,696.482096738743,1
81.29997775758422,5.43557113603891,278.52409784581334,16.26293737498569,452.8557143816714,0
111.39626478485006,4.38745069955456,246.68582355974675,19.604186977811633,317.48873627272303,0
107.77546477658018,2.9589591329018363,303.7988175850259,30.779994972666813,476.3176665424018,0
93.87099195806735,3.80643503524411,244.7368295822967,22.748686739258098,544.6658186257639,0
91.32319112341642,2.502771397262696,238.52553378918466,19.02571830818719,392.0131307504248,0
125.60965249112147,6.1954822661990825,231.64419652605568,21.574095115663777,316.37701427625143,0
202.1549215651616,7.021523522463163,420.62213678753255,22.644870670552258,670.2935401956679,1
183.91355626777226,6.346541159080298,343.07708742433033,31.102874816937433,513.937000463808,1
135.52578904150576,4.522955279092002,328.4247145028932,27.08766132941594,525.9484495792445,0
136.9777544604604,6.0396686998135864,329.8161201540386,18.052856870971116,552.6350794166334,0
140.726102200207,2.059864547342457,333.9008305283263,32.04300313562942,496.6073719723938,0
173.0492050683469,6.534487273611973,365.47659578566254,19.835666682406888,590.2119662421687,1
186.32724464046228,7.775052628612995,316.33193032156737,27.876253301521203,586.7752800605239,1
182.39766728243907,5.995616747176981,309.578161023013,24.619999356073485,479.8058853331652,1
146.3974037492665,4.233534317338689,233.7043418846491,27.638165622470346,361.64848596478544,1
82.13340257697045,6.248855440745646,259.9925335690505,18.6538212815396,431.4724487163352,0
115.89203839437569,5.081734725809752,322.0795961778845,24.293327611084326,790.8530113877266,0
114.99638583903452,3.4349594668723356,226.4691845236121,24.03129660637302,410.26101018920883,0
177.6693632851395,2.9588258274439867,345.8356153415701,27.21024114782557,651.2021750465836,1
153.69957044595262,4.649558117954842,298.0773395373711,28.65925366876241,531.6583329207999,0
114.4605850615237,5.031630436820463,281.0127846722983,15.351157402961475,490.70210866204303,0
126.13244193146782,1.128604733169806,389.85538538295833,22.421065763641288,472.3275695332301,0
156.53199576160182,9.36429991995335,251.28328301507023,27.18015270845804,426.4105870143876,0
106.79853582420063,4.331848095535621,303.5016960671241,17.60489696243865,343.4141337157704,0
150.45320320631,6.943547389608737,278.94205899529607,20.386926363305,496.34664445657677,0
148.66058554226652,5.0368327977914555,393.17643720335667,27.227180847569862,534.9293361325884,0
172.96510945329035,6.900554798534642,258.33004228380435,27.753900928926218,273.6633993022895,1
141.18551975432553,8.32381368369102,298.7360375480766,25.381398262407387,592.9358357939304,0
128.09132940411106,4.177504078402463,269.4091502012417,25.461581511763942,504.51667962010356,0
136.9671511238039,4.482756094825681,328.9306887892583,26.605698717659095,598.7153666947722,0
115.98801182371778,5.890129053008713,345.70371682736686,24.545481841772983,383.6735670088899,0
184.63484386249257,6.467233006172375,220.7678802243624,25.292695932531455,526.802404274388,1
100.36358896851875,5.323370074316089,277.5716573712137,26.85974451072817,501.7680694856647,0
111.32576643867426,4.752721245603191,313.3221214868775,23.397001084426137,418.0103385665825,0
130.6846894754119,2.8982368925993875,328.97395861626393,26.237786275265673,620.26177852422,0
130.63908411336095,5.131217419689166,280.99484000415197,32.61056411156494,426.3193036139933,0
88.2739105485034,3.454936372131353,301.15646477424644,13.902045590515396,412.02478168528944,0
167.45705928897016,5.002749982633083,345.3179174026952,29.15053301931253,494.00181993786487,0
123.99264524301945,6.817774170882131,352.70490832772583,15.676098646941423,576.5362285111389,0
100.02705677631184,5.575684290435747,177.18484980246058,18.94739879659231,632.4160435153835,0
155.26922571226953,5.522678927404621,293.39484460676886,33.712968266477255,593.3772202663667,0
126.01432803034966,2.6724606359576613,273.663492269234,22.174850331812905,504.9173814609753,0
146.19595621311151,5.718882065115055,311.15334659961604,26.05554897134962,576.0863573950572,0
183.0944976675284,4.195092100710282,335.3031506974422,27.402583547710073,422.46952456284816,1
201.4020123904403,2.080765009900417,257.4169531424439,28.306551838128442,701.4375342210317,1
192.80976677211504,6.983983731127984,283.9587508013472,17.173131622330466,659.8775532819291,1
146.31705963217826,4.617186760831527,307.1056435334189,24.542816677801,474.9195745020348,0
111.28572490360965,5.059292772907246,331.3993270643045,21.497613229000258,483.3650309803755,0
134.93851359714432,5.707855193116976,259.8172425099557,27.364398584199286,376.8479385726421,0
192.84757141600764,6.887720795163698,297.8780728808734,25.762336888511026,485.09946848084354,1
176.14918442608501,3.8676166833371215,235.20548279151632,31.80258348569163,501.9591305970261,1
177.94743906595684,7.187128947832208,299.68980383524524,22.149879641634886,345.38654336787454,1
110.91444240778127,4.932535465122391,304.0527660456978,26.53941144972702,650.1773100561752,0
74.63039830896079,3.792948992896145,233.1474522393314,21.154301182879536,432.95159604587855,0
154.716896620023,5.164182133808939,356.6035050875808,27.639573254284066,526.5805753011505,0
123.9397258340775,4.044550840770598,333.73357979488634,30.442504783781235,496.1449769936449,0
180.90634232922312,4.845469683905495,249.55519996473208,23.01280593213786,579.7811686225702,1
148.82076559924678,7.257399323129926,314.4449313904026,14.847008700002135,504.42054904020677,1
170.003019320931,2.1632281071953168,314.33023810996156,26.28592920234151,669.8973784883968,1
104.85795103371733,5.098350676521126,200.28681299828196,14.367666293367371,500.477459776581,0
120.16488965869678,4.974468563747552,275.3302806994961,26.122971142327124,354.7560953731392,0
177.52313415409387,4.526642270851766,315.67116664002407,22.808124724661095,374.5749857970391,1
180.2423057433139,4.300762238706521,216.77426276424907,26.577340743727653,388.8509118919833,1
147.8124819107618,6.020632499702603,271.6231229337159,30.246718661092522,382.186506985449,0
100.8778745671272,4.090865866245119,332.0133602558756,20.01110991277969,520.4808645749807,0
119.38190440844082,0.6579954896264404,322.1774986914287,15.73997387521205,364.9060326711962,0
106.31411952874473,2.735472989569111,227.75934833886544,25.57433223031636,608.6873534550887,0
144.4998305725213,4.535144116003499,360.56940904326257,35.006618157010465,418.86376897391494,0
121.60743728056852,6.358071439355775,329.65442046928007,19.01665909056321,523.0012613188278,0
172.32753974516538,5.831337480235039,333.1163191602558,17.759908944067195,425.18596351838187,1
177.43627036689207,1.762018026535384,426.29141477865477,22.78130103803908,375.6703417264089,1
108.41781961514297,5.830432712659422,289.0787569488177,20.346928363877872,222.23500197686667,0
197.03406073762372,5.16134161129882,354.0390216344521,25.976485440969437,443.04309362371225,1
107.70094799320316,4.208220964016654,216.8186676220119,25.372497226643247,490.5916648505006,0
171.3179096710522,4.234734619384151,333.47699297086757,18.28918467902424,432.5878693886142,1
214.5985996613048,5.878696534028299,430.12935108750787,35.43921194873417,581.3506008588871,1
116.87019601490056,5.4371716439243425,342.12751045057985,19.295815247821515,530.5521881295333,0
108.68400084421218,3.484150335048792,279.634065530957,24.324452912622885,535.3860102508575,0
99.8951017587918,3.3665555026884437,213.26628423562846,25.145579532934402,566.1980594752027,0
152.58916759463455,5.165804736256344,274.83402083640743,27.84965358105471,542.3430708257985,0
156.63745996881542,7.77860146325756,322.8696014211867,21.805571011635053,685.001345257281,0
168.66712481873986,6.575312021244455,191.92935886262597,22.05016204378621,545.2108298104429,1
151.67577420106977,5.891313849490561,312.1489869865262,24.333925946132513,626.2427834351104,0
123.82585177954081,3.3988185314743657,272.37898228326964,32.53828567947005,502.6217614618403,0
125.78702752495839,3.7778114470161133,254.07178478056687,24.425182779671665,719.6514360208344,0
137.90413859138908,5.991557543261465,317.94214577776427,30.16103618707699,581.9278989596294,0
100.11358198379705,6.1996428783937585,268.7212256823804,19.91897788420018,506.80755212520944,0
126.53333593596827,3.7865103249966325,267.34078262968086,26.95953529915641,750.5446963457366,0
117.54797193325632,4.747917708525247,271.18804722874586,26.160215731955443,468.0893317002905,0
137.18570879383662,3.7424441894408815,241.2537760468718,26.59657085003392,572.0883032528686,0
147.6244258764284,4.129875474384056,317.49617975822287,36.66618927232841,401.090829271687,0
87.5968592766014,6.5083097143106965,200.86534842576367,28.633411837983104,363.3841338108597,0
117.17414716304832,4.574811410498818,309.9161190181803,23.241648708722003,541.8765646872154,0
126.91353448569899,3.605584498912111,332.5150287922596,17.547397801119594,651.8875280542032,0
122.27267419208907,2.772441842017137,354.2523530122985,29.536382117176206,422.5691489764832,0
189.45429321532123,4.779506905253537,323.39997827815665,30.156868963973384,452.01616238258487,1
157.04622234748922,4.535264921062993,368.33570089163584,22.19729424131391,291.4601101497964,1
165.8070923831284,7.167018866904844,231.32565302016644,14.505157643939215,413.51131964051433,1
132.25587125061693,3.720811128940457,281.9364956641983,30.61284911231355,509.16772878960944,0
105.59207282918932,3.563370242873347,256.10673274366684,24.99616667106669,528.5671632360094,0
147.0875180213354,5.939962687490255,199.1030608168445,26.68532810572599,469.1891969367059,0
123.90799290407016,5.3269062321458485,326.35414817975004,18.43693050069986,533.4523793189547,0
151.35495276770348,4.991090890618298,343.6247154871899,25.755674813110293,743.4142953501183,0
200.81203360559724,5.241518928350049,297.00867550240343,25.109003745941596,543.9369995425719,1
153.4643185157574,4.307026830785878,363.96167875593926,27.71936640849092,469.94369556485054,0
122.62961420191503,5.114212887029584,288.0143196955608,20.08646367248626,421.6442803488223,0
198.7393268231141,6.144842478055052,276.8360688260941,32.4027310336962,420.69370771866636,1
117.7855811427242,3.317414460144619,329.7995055893452,20.362245496064695,542.6881922844915,0
112.25290872133996,6.330875764517824,319.2955111827286,26.50701871326692,490.3338862542451,0
134.30939493454866,6.602393427423308,352.0258101753709,21.72739173006941,411.8410175661844,0
102.48058620453429,4.220340238342785,262.51900955026827,22.230771079949964,447.6750314209288,0
90.83795490212793,9.345263104043214,219.5096503223885,19.451002425203615,442.2552883113391,0
102.40016150217588,7.830177696792315,250.03660588013574,27.08748943412688,353.53098536434106,0
141.09883053427046,2.44508303976079,243.53304859354915,27.403064850302577,480.8886252823512,1
137.61505327334544,6.529517124723178,319.8497685558059,25.237813484380574,637.4494896540691,0
133.19122321083356,6.128206056373698,341.32750447897644,29.13768030767457,428.6066359865408,0
206.74995728243508,3.376533846611867,355.0311349345087,27.878458549440126,513.1142533256319,1
95.83615240601168,5.772427348690732,255.36257758835524,24.201376660787083,553.7600503245307,0
179.86748277332958,4.29421765586943,278.8074689157932,31.013763050517674,514.7570968291359,1
119.12385060270276,6.343731322251383,261.2959767667745,24.470601727873873,446.7600691880696,0
150.31391109072197,3.5432233253855774,321.22700655934295,29.540988123231525,662.9067906407736,0
122.1192067241209,3.515560203987256,310.89685872324014,23.620381217292927,340.950600372525,0
185.81137796432094,7.8318243160894685,318.7784713404971,23.563500286523293,506.6767127383931,1
129.05592959400693,5.058268308489897,255.58089700438404,31.73621743491262,442.5616591795266,0
103.46834312107529,6.164045440413707,242.76014435100296,19.890952450847923,770.9945819208322,0
140.4058039607125,6.482288574470201,286.08193794957793,22.14076298302257,452.1127329113949,0
86.87253054355241,4.8022163209053055,240.8175496023644,14.679087912947898,524.6245177090357,0
191.60364650495129,4.373805227343941,386.58055893958436,20.640581240588975,448.0344947965204,1
151.78158809065195,5.766903174058094,325.6543109528292,19.707141944117517,421.66833433614045,1
121.98680886358625,7.683063320566238,232.3986442777549,20.680954793851104,564.7281747900934,0
143.8338563353204,5.237941274863093,361.6005542516544,24.07259562739039,626.6065265642227,0
197.82931437352792,5.642742829068215,286.00992268931424,22.289225618919428,701.7782834478336,1
127.40652812297861,4.726766064242661,304.1560790890821,29.87700578350105,554.5587771909018,0
165.59871974261333,5.522292510029514,354.68097521007974,36.65671401745182,301.468175761525,0
138.2198980783971,4.254153504742526,323.68776856248627,21.236318416890654,500.7498519206855,0
158.3643697358937,5.555789200335555,272.5808880269685,30.12688643543845,511.7438344697483,0
177.94211887220797,6.4885281055663695,323.7207407226565,25.99365736373354,636.9063946598536,0
99.2079424328193,7.1629956964657335,215.52789777147913,21.50296259325953,577.2147083936744,0
129.36513867653343,6.420755832051448,226.1184834820735,23.787772572078545,363.576493884113,1
159.94576154504864,5.699621991562509,331.65758268119055,20.862203039243305,424.27808878613047,1
125.93940639004613,7.974720128048874,295.46247348937374,21.859177075393426,444.1586254846375,0
162.08029888988534,4.918656046384863,247.0398646999279,35.60607884774012,460.6715802380203,0
174.52332331400143,4.744883546666503,305.48697284956006,28.194796578866935,477.5638786824724,1
130.62529811810964,2.2682841100303763,324.10184801641685,18.796530748731485,454.7757537611548,0
119.62294249944672,5.49866647771622,243.56398642522026,21.993534788259154,447.0349646915035,0
137.50115599068542,6.02249938917746,354.0339319609909,26.6425908786693,697.4015825093753,0
156.71323339313605,6.690334579956099,361.2555377836047,18.646680486060042,756.344829422598,0
126.91032679412244,4.846126165558163,330.7960460469466,22.793127979145893,389.91386034506394,0
165.456160320423,8.49992228471818,235.52457328806554,24.334873561482173,461.58715926276705,1
148.71509477199297,6.341848252677308,310.92209511281607,29.954299992215795,483.76541142798396,0
190.53938332485902,3.4160212997451778,355.4486259647171,26.535722888892987,318.16391134814876,1
154.48957849370277,5.604414457648963,263.31190921912753,35.59032717456535,368.8981268744887,0
74.60162927976704,4.99262695391085,256.7927902367918,11.80848811804392,441.3929769496914,0
157.53424568059125,7.018145384749681,242.67244926538797,17.79809534100589,491.43570389419165,1
94.50819506159415,5.084177502351208,251.78140568814143,23.833272914736575,347.470327304853,0
155.50838602064357,3.763092315140259,267.2188894225574,25.198079308041116,499.8159907366925,1
171.9464811667902,5.488950736442936,330.9832362968756,20.037726599076993,475.7399417819247,1
166.99319113208588,4.199662012815029,358.38762395533706,19.59862018157097,492.42348003728637,1
128.75836944486463,2.385353354265936,226.52962566182748,28.51237167097652,602.2365178082403,0
119.33442367440497,3.7453863364852955,329.68530640875605,26.74176948553161,563.5219169179222,0
116.27897123443343,5.2392487531068745,338.2691307146959,29.354462022867704,599.0334458712285,0
146.24052294334356,4.193036042638187,337.26148158963025,31.940231051655978,517.9184877515851,0
148.88431622637108,6.96652154758536,358.163859435003,23.76111816839781,520.5397063326707,0
125.9626982566541,3.0274648490016576,233.67650360381379,20.502140705915384,623.5820643934716,0
112.65832936054007,3.8486899568427595,242.2034615283845,26.190337457102082,522.7610863027196,0
123.52053118394366,3.5077405727416213,354.58950545298944,30.146638221381636,534.7384310095748,0
199.79076982325137,5.25707900421776,356.11641038305174,27.121662497489396,742.7221906715276,1
166.5470469122171,7.079983141771713,206.7249418870024,16.440856068864832,404.75314311055456,1
177.359905300917,5.034468952376226,252.5262934781568,23.28494848724281,385.2142486411431,1
126.92027551506094,4.711499208484093,347.1419948000957,22.137493608018822,476.58394342796794,0
146.2013205232598,6.885164125201767,299.1868316593199,21.63624476678448,607.5733214905251,0
157.9628496633227,8.478772958795254,345.0753196818504,16.814733964980555,214.4178013264643,1
175.38069097292393,5.599324468504377,305.4641040493833,26.577132235172336,591.5377270937867,1
122.65721598508574,2.103357599897957,335.8629516085854,31.098415712360605,530.4974266237577,0
94.8842337523198,3.119418391893121,238.89337213690428,26.2939569592155,475.9634265672599,0
125.4090626843928,5.824700051085134,259.04916786733816,20.172270767053227,374.6263739775975,0
120.11742388876556,5.5699700519134385,263.8569461539672,30.884567167182983,534.0297362461837,0
133.47760949306706,1.8054449284507417,320.2511317999525,21.268510470177105,517.2354634414289,0
130.1025908822717,5.778816532338613,336.1217169278791,24.36947058247588,447.9083558050335,0
164.55523912471034,5.967570115150733,313.72827606666294,28.99525465556195,627.0580986241195,0
129.2602289841543,2.987722588215067,277.1009909252058,25.283319472268488,543.0985262571571,0
148.6442807521537,7.4591120670855116,301.09473884020844,23.616298179880584,444.4279952351215,0
107.95123764976442,5.266492624964433,288.4246710548766,24.945518099918363,438.25460481170916,0
198.04738396481252,5.845714689139578,302.5157927742042,24.45234597274772,525.4711474097992,1
177.80072979894103,4.187223141322548,320.159469425595,22.725105756700096,510.02670300744114,1
140.3874689295569,7.572556562082479,312.3743562902686,30.312381849654468,442.7878198523807,0
121.9513286865793,8.537861234936893,294.9252494902112,24.108437524899397,411.52574755152216,0
113.56486361003847,5.304047681939666,228.11633643959,22.056644088964365,563.3609717628168,0
165.031870169515,7.299684587848464,250.3414549668998,23.72822379342378,496.2411967070611,1
164.30389983178003,3.357520799629886,282.66165293474177,30.4608217440786,321.32262960700916,1
166.60038247724526,5.114935122786341,216.80773706764776,21.811687081217542,394.1466885909934,1
119.27732824566137,3.626183281463824,356.1864646874476,26.361057420907866,574.0924329847676,0
151.0341310631568,4.7780558710974095,314.1275087260903,28.408511765008363,563.8225380078618,0
139.1277732115415,3.6596794832845267,398.28436223168245,22.923468842982576,549.9962817521102,0
195.07640944664993,4.593931876666293,350.7064634871447,21.84584467907463,521.5554183657011,1
108.50232972185034,6.024040314425111,316.78795626246136,21.16057016496932,678.110919173894,0
131.57790503014343,2.5794080350506556,336.79022416965006,23.76228259349992,596.093214746563,0
162.548697543994,3.1534962963830098,371.45998050336476,25.258306226993668,475.26574787783915,1
141.29818363954595,4.423643207593568,276.3999810796047,31.285103695022887,640.1818976177583,0
178.41779003443972,5.954649835337272,316.21901616817684,24.793080147600644,508.37085391780926,1
152.85921640525467,7.660976685491389,297.24924764295866,30.086898967864478,704.6796354289279,0
109.14959421641328,4.460308115041354,309.6624977175293,27.358991253944975,396.1242021994293,0
115.63123975024841,4.940341257144554,312.8965475469938,22.588410652382592,606.0758887490829,0
163.2419183712049,4.329981141130573,317.3879929473189,29.344580148460803,458.2938152316175,0
134.63477676362336,4.115178682464972,351.6568120978626,22.4188525267427,468.1557077715329,0
158.74060436494554,5.234162508708821,396.4045929428517,25.834955583014782,458.54593739289635,0
138.94019480563642,4.311544666081552,284.1177977534422,26.14026280929163,567.0104683333211,0
126.57927207623294,6.204454071456787,248.69403035625908,25.16142173767526,583.8421872735884,0
141.12719114229247,4.712067069702792,276.4003995240898,23.121212877292145,520.5486934450038,0
172.41711237655556,5.934303364957512,350.00689546380323,32.19710002267697,357.35103401089185,0
141.0844413882444,6.635653615858095,295.1945252145563,28.675429283709153,541.5325862722904,0
144.88005600210863,6.134373915705211,225.3724773115804,29.969102004707608,290.1907141983866,0
134.41832187936237,3.9024510302416715,325.6430397962283,19.391496872998253,424.90158262844335,0
138.69442410308005,5.686443983853359,281.4013706032122,28.425581843915715,609.4041511797882,0
129.589347208384,6.077749850152378,276.1718526485651,23.798437460548737,493.6543566536729,0
223.44113105960224,4.723765729574837,287.9998404847405,28.850518808980567,433.76979613839734,1
202.6781699935711,7.251780105406895,254.95451927869402,37.92900315802976,610.0510848125798,1
110.87047793228551,4.795029174810237,284.7578452207367,25.599418167652363,339.4811572652057,0
105.68404072845608,4.235922183218383,335.2562125399375,25.41928453734601,347.5346882735001,0
187.93136690438658,4.088297616928883,410.5630100768819,16.451248816988443,538.0096216313362,1
130.98792554045076,5.444444390494031,393.0138689106799,31.868375650130815,618.2240086132905,0
92.38527961755021,6.108666151090883,212.5604982665785,18.048364099439944,501.93937044342914,0
133.260935346386,4.713087027671821,299.9544990617126,17.76476258350876,581.5123961773033,0
112.6514759490329,6.579745610018611,347.48260999684743,28.388824523706806,442.81715545446855,0
188.21555310224576,7.940129210461105,353.1189135593135,18.503167693324727,705.8393301228045,1
138.1737626958217,3.7990484672123577,279.85585074547913,29.329701403678012,614.5283647513781,0
98.24655870139665,6.053474698398878,268.8963430532615,20.024971359114392,505.92041277896016,0
152.2848741149333,7.14836838034741,378.7291296852486,23.765114481767505,638.2783688904992,0
144.89144869800916,4.191645866139802,365.52521013773344,32.18990687614773,359.7546313775481,0
127.52500151371692,3.163549206909323,263.5767759543767,25.788832243667546,485.1391022639665,0
134.86356602904218,5.912756402360478,327.0727094975861,19.88527162401804,363.41625458161434,0
163.13883928215134,5.639508638339079,315.1493327781782,29.187738907351687,395.0067555327755,0
125.86266102272418,4.019477425404885,297.2297370251146,19.71102296561005,483.1491703705624,0
153.1874724302938,5.820532853201095,345.2032584130608,30.909786493923782,513.5961986261434,0
145.0465292059925,5.544823724155412,322.9959753430886,31.908190078014506,535.7005792336828,0
117.175493764001,4.776230637870804,238.95486996017513,25.170640015421704,544.5223854995241,0
107.89719211819232,5.907555865743458,218.866440220469,21.18390416822807,566.218247204618,0
148.41660655939495,4.602098883282318,355.40880580035946,25.24160311241362,414.3977895209455,0
84.58322898490815,5.8710932085865615,269.6334303749263,18.834984776221,382.72397682222527,0
201.7614914657505,1.2577057325951166,335.6278766390269,30.134397940305014,469.5199161210809,1
138.60101317870576,4.338542121660039,315.6392573107499,20.28444099581719,378.86953912255564,0
136.83077422806699,5.110713914625504,428.0807367316969,23.289131711428645,542.4751010737864,0
148.7349529533579,3.2972136916133583,282.4100118478942,29.058401229939825,629.9246180772633,0
131.4897822360284,4.632804591461406,331.74513283381657,20.859410250123293,493.5284154769,0
137.29351205259178,4.095683020886869,342.03470322928376,31.609138523992755,382.7882537372934,0
184.4816549077117,5.074842482278959,294.8954639942449,22.061302379709826,544.3739645055409,1
197.98038648059344,3.053331326183237,312.526404915647,24.73049349202704,633.3627744893572,1
133.42411203047794,3.032975618377312,279.61060312394045,19.67087383403475,530.2887102169453,0
183.22533147911074,3.320984885634172,283.8899150030477,30.32568296597065,533.9549583865593,1
179.8520061651384,3.4911268802172897,296.1742077853487,28.784430376525613,743.940166762208,1
195.4032155811874,3.292139648475021,328.72799549015355,23.318073995575826,512.1780228334754,1
120.51057757351792,4.875400996128296,355.3627730558279,24.242574382335004,465.2099943754253,0
206.08679421461363,7.8060325527987695,232.39944613074584,31.45639812521419,587.4807727235508,1
156.67958924989907,6.285442080957191,350.48712485117227,27.224877280582483,529.9105160434722,0
182.0771320750163,2.588664345308607,327.45467320720553,26.728492321841486,541.3212371731657,1
154.21260060898564,6.890957421044007,351.36971064794574,29.099423848652695,408.23332626306365,1
176.04869180684378,5.996478890516378,250.12189615158076,27.33472526277238,518.7818728058215,1
107.87567350462032,4.827269961784604,241.8408914781269,25.87347350296221,511.0085408877838,0
176.21303614359604,3.3297227693155267,294.184311781286,26.03192581581144,474.33134422634055,1
165.8870824768613,7.420427469627558,257.21760158135595,15.233797758180929,454.9417249405448,1
146.31253735476548,3.5446627552047802,281.99704654805487,21.339005260163674,625.9060944998932,1
93.03198660844042,4.500393677973426,293.02616619609773,9.746108612897546,515.1287582340619,0
183.70520620838357,7.51986510916301,389.31713347343293,28.782494235887192,435.262785078835,0
164.53048911472735,5.478412626761347,348.88207168929506,21.960307073411705,636.8892781840218,0
148.56134842120534,6.091899776112378,320.1975126429823,30.862327433066802,430.750075938099,0
96.8475558501168,5.002326207815089,212.8927496704757,15.415932084743886,361.00476418156194,0
148.8334689683598,4.770091850069682,400.5365330156642,21.257225663460137,683.8552647651089,0
107.18547817238701,5.1941011396411785,190.32275299484428,22.53529841087326,611.0648641027699,0
138.03968656552937,7.012147313943506,272.48146103319306,29.37860305017102,565.9944185334907,0
121.20558312873605,5.062796654414969,337.3724619693145,26.846132135227407,292.01045539933807,0
219.36634753489153,5.9988311985951945,429.89341086186323,32.073584972467266,538.9987383765598,1
128.71177648871264,3.084147865052616,334.3352345391429,29.71902943257824,434.26004772882675,0
114.95840379837631,5.797662211457285,277.90037171538074,17.610990536142065,462.16818404285897,0
139.60710477680217,5.550533395650047,245.0179845378565,35.73612161943449,495.6207899487896,0
218.87941469688067,5.204083073845251,395.5832043145042,33.398882976579955,485.3731607595008,1
145.6327018207265,6.810282849568814,274.6391902848205,28.972765304981465,347.66243210740765,1
154.5750113360201,7.2727963721450175,404.0298552064125,24.395042133744226,460.0935695671168,0
132.22108742475942,6.599531438770105,341.23250391971135,19.73398998840265,639.6214227345712,0
114.66356629136362,5.256678926303106,312.76566316940745,11.417110310590173,518.9519734538507,0
131.75865092914356,5.376197228285026,335.7855302164955,17.46059710209942,429.05225661547144,0
110.37252303542844,5.371590373279406,364.6554621393468,11.843290800324864,325.7138966351442,0
151.06484087481263,6.424779656094839,337.1528969080044,26.537683406842074,421.7244117615673,0
122.69675349195988,3.5194599425152178,200.87449334805774,33.38043925853788,573.7523865224366,0
135.63697506525304,2.5861329766862204,360.44378423691666,28.00830653207662,514.6826759797384,0
107.47154924257762,6.713257179778829,171.96394576466824,24.92373923336651,497.9231129898035,0
93.46967462752477,2.754010527388019,309.3660344708743,23.136785585361558,520.5126357923366,0
103.54469672908624,1.913671473756109,249.0888863046151,31.827317129149108,345.8597206229467,0
189.677849921921,7.235208643475346,264.5390240108373,23.701551185051343,395.37804016435985,1
184.50778398704225,4.0964217596774954,261.84057653213296,29.995044218504823,571.8582440124428,1
139.9517537829075,2.4588959971013025,273.6686874236262,24.757045137673355,554.5022418995566,0
223.75733820205338,6.644358399736282,309.0210165563754,27.80555939290472,785.1698238345386,1
156.07955187014753,4.910815301211032,269.0934461036059,18.099549542898203,237.11324020586784,1
91.92810872090499,4.513202373121785,327.0859272998004,28.365780980943274,410.3931340960279,0
142.1968158105483,4.704266350911989,273.14487115331445,28.777354966958555,478.0101738304349,0
125.04091913557153,4.955217555893331,143.93937478808178,25.0212673721991,515.8364303284234,1
124.95243830459025,5.528067800144155,216.23219085184022,29.116423836729282,478.31261799099246,0
82.8221416644283,4.157357738307933,254.0060241835665,21.30664437447151,250.42855280071134,0
196.04757342933806,5.314928134867049,260.34887860305145,24.58840590977017,581.9336397315661,1
110.49687469088141,4.991582334653531,247.4778720990695,26.896762820851524,494.2397411767048,0
129.62229535707078,1.389105556062045,267.17978307178834,32.97099643317287,578.7590359805969,0
199.93342244707264,2.8148361196960914,321.9201649056807,23.913748406841282,269.71623870411156,1
123.75927525522432,3.4624958461358326,296.20034736709755,27.420989241071478,351.49512297156195,0
156.70566991493396,4.655920026199122,363.6740093139466,25.38960825238936,562.5979974632678,0
86.71053758072074,5.62735693622805,282.19241376093464,14.924252415063423,350.25431513431636,0
221.50357075798325,7.740518391569363,236.74223652781546,26.596269191168236,645.5188401401413,1
180.27136105145544,3.149597831696994,302.2174374670724,24.9226811229875,466.3745534124798,1
146.798936571132,5.398334612379806,298.90093931901094,27.215210892321664,383.0329643576019,0
95.81396852293392,5.7792118078330725,350.00391487976486,25.853103068520046,307.5141909088213,0
194.26565929068,6.508647602715593,275.0789001047058,28.81847373423047,605.7479889510886,1
134.16548647630603,4.679876806439042,361.49007595586,17.66990195825167,694.1123868859663,0
136.07140449748488,5.477325324616153,225.12574105822694,17.34099849269198,623.677891270405,0
104.75088335294109,5.362586524902753,278.87348457070254,19.41665887212165,768.4568065693436,0
105.76424853092001,5.946993429554745,306.20470410231826,22.47720724508457,334.90656333242634,0
169.855878598015,5.843333514859128,433.66116675171077,24.799063639464396,499.1812187627291,0
195.23359626369074,0.5583954466434511,344.55689646249186,35.386384725886224,530.1986784764015,1
159.24468342490468,4.576701631380943,220.5515566760464,25.805082705535543,433.37461229057465,1
108.31358225506044,5.402601667525667,334.99718606809955,17.99605789000629,354.7059761511063,0
144.7322592304203,2.533570605231148,390.2687681845289,22.854996980393302,617.0758469635427,0
145.46772362648534,7.1757289633847225,271.53042251427837,27.747105201377707,609.6943640296546,0
184.81396314944286,4.396740502655781,319.7802824024302,25.782452804092532,723.8397140889438,1
148.68628685243718,6.673599003963961,425.3038828691823,21.595715136243655,648.1809435012424,0
123.00972309252168,3.35871069204377,403.2815533538771,24.313658538306463,491.5278133880587,0
197.1135617316647,4.820536661105274,263.73933845168744,27.045503889032396,587.4275387721688,1
113.30492119818905,5.079523100651931,266.8095823609878,24.688194708388906,652.6657117603517,0
206.7606025798022,4.211234957304891,384.4247779635202,34.187532727980866,531.3697220043069,1
197.59204517121643,3.7726934965926664,366.8305463481887,28.447475400967704,412.22865024985674,1
132.31024124752955,5.675087445484679,235.4106599027831,25.578929343204702,431.63953852720226,0
124.50650042025879,5.379222213134487,337.36741925054247,31.676976282696288,435.00258579964543,0
156.42977940133125,4.503545293559354,390.32979606186905,34.19465694526257,450.0738737347499,0
206.01393455763076,6.567073357259356,448.2085941433955,27.538347720917034,372.4595690934538,1
140.17989929803724,5.697326041606157,250.78016050131464,24.89162083090978,666.8374402893877,0
96.00540588972433,4.4435587842125095,264.59148188219785,21.46146503304083,388.2094591008689,0
139.0345985613293,2.7799435139854074,396.96454618683174,26.094573133725852,497.6246113173586,0
129.36311721766174,6.48477365510059,243.85249149879573,24.075677061133053,697.2069025215199,0
175.63014472484463,5.102880820423161,296.4391689792125,28.239794553607663,550.8391136384611,1
92.26229005017635,3.6477050343576964,293.8178641470035,18.543000001911494,470.0173387307749,0
133.06344597490246,2.4393049347221014,263.6093561552596,21.660085520807463,371.02163067997753,1
152.80659870728167,7.408021513829941,259.5109590366311,21.099164889625197,443.8666565880074,1
169.55860878975759,5.2694459681072425,248.8677493105231,24.46293568966055,512.6676604913799,1
108.6939096930192,3.774276918501587,285.66435404070194,17.311837522122808,430.5865554124464,0
126.09036777962858,4.60503490276114,274.7043311131043,27.543996167545902,526.653618220265,0
122.46814978397761,2.1507561581392753,261.2174504074952,22.688698945071497,542.7625040248512,0
100.63494186029793,6.4641545309551915,215.4287071051619,27.189092486119918,332.04771903448267,0
179.4635125541281,5.280066901094393,395.6173185133764,15.593456952062198,511.9480368527536,1
189.9143738641669,6.243865543919869,330.84174883629674,19.917680847009066,665.5677377517143,1
174.3053932930818,2.3853838863239973,318.11619249646157,31.72719212638601,375.2676916166464,1
135.74213047983702,5.49346446095455,353.50806664321163,23.869180049070874,540.9688031142296,0
202.24684414546527,4.432273436333524,247.9145616240005,35.20723132142657,571.9096622825026,1
107.89300038456359,5.810323947125663,302.7275263800743,18.575417394612384,438.9612990716787,0
126.80595298827815,5.13021611768159,384.69039031128034,25.164400445964144,594.091472881192,0
108.82907130868038,4.502506168929377,381.0013902640672,19.238130389433078,666.0057312706447,0
163.2526158669104,3.7129102013394215,288.09391135249086,24.615440243092124,525.3776076409308,1
127.14353763713768,4.2389654667401855,348.86140020767385,8.925746139397056,460.1436481928807,0
181.42063024865183,2.953703358242071,297.99107191139586,29.444453437183576,477.8781326341595,1
162.41654039937546,4.749969047027983,331.43363601552426,28.301597590306496,709.6683352033973,0
129.70567070582882,7.929180918757631,310.05972868528335,32.0303867571383,624.6536242836272,0
192.58109558647675,6.303531582817422,169.26010309907772,28.042103692779772,622.3371134297788,1
163.91988874352333,6.437726886054843,394.28507560090617,26.75019009352039,531.9427659769283,0
142.78017861219385,5.5011932662276495,337.24710650791934,21.39395422391387,440.68018283009184,0
172.3083480095489,5.971468139784934,261.6508403427386,19.691721496234855,589.5516558961631,1
96.24458060965563,4.931538445371178,287.2401332002083,12.14142984174333,434.67225721265254,0
128.6352139436322,3.4703417051840617,296.6841820439496,33.45511663717832,513.4622826674815,0
99.60925790698133,3.67503940216128,351.10299084053474,19.11877367896604,439.96817845098377,0
177.37923790865509,6.6327623081035165,366.88140537163844,23.066546421021645,471.0166886025863,1
129.38415652641785,4.089501650734322,363.17763243147067,20.869372752529266,391.67337033933325,0
201.88403655379526,4.923691313320711,346.79249519459694,29.934067090383557,452.5426686146167,1
135.18854406930043,6.235325740291945,240.3299219994332,24.552121825207625,524.923584888754,0
198.90216667488468,4.3850850003556605,341.8182159607562,22.309587958669812,639.6810109421112,1
163.34098914254292,5.688556851061071,325.9633618406398,29.363294451230907,579.4316948052141,0
128.31094604881912,3.4271875051530505,294.44385384755765,24.03202010949103,403.3434988468344,0
189.14052679523613,4.486053338789649,295.1905552332306,29.712181595123646,410.1781006705007,1
151.40683230018988,4.165325085054357,351.5369810841159,28.115951416066657,673.2723644691735,0
136.52646513921124,5.959031155617565,344.3755130909189,23.279821099817806,460.8454154837459,0
142.89348594084908,5.822185911004466,301.1865702766269,22.697170442247526,526.2819848294723,0
186.20793146532105,5.758891101035892,195.18166892241143,25.250034846948797,599.9671381214094,1
126.87688104230904,4.916042966039747,205.744985683109,20.696764867398954,549.7342958085259,0
116.60824062589508,5.740854434910936,218.9672844701454,25.97473093578763,403.3270401788023,0
135.42261652480872,4.0303403396347655,298.2954695935086,20.46139184944752,494.62921618727,1
130.6151417251368,4.3645821885479394,324.4827192150272,26.54808943527774,440.1430914079796,0
115.03494046713388,6.039835447255593,340.54903395153394,24.69046999352258,364.12398036540867,0
161.30583930454827,4.821214508796752,381.7482827858229,21.639357884024463,461.90744090639953,1
169.05986196327848,3.7292468880827725,326.4677867066606,18.65447715229988,577.3860680310988,1
123.71777270829031,4.993385188903415,214.0557392847457,28.552162937714648,483.61468375834,0
124.9882843027697,7.110642857777359,379.6956869751947,22.49816598022383,314.0134857435796,0
171.22140253421352,4.617662158205165,420.30003991702375,19.044852627957837,495.8476887155423,1
162.42452419717637,5.024164803743699,361.7817253651486,26.229999345342257,420.85748524708146,0
148.15275133116558,6.140403802917644,338.73345261408,26.160654746467895,665.600496259618,0
133.39045505968105,6.697847037425376,392.6399897262768,22.0823359162734,437.7755318646968,0
119.67537323768016,5.58457022159944,271.9784886951028,32.32318996653129,527.976544710252,0
140.3728581836933,4.450446647582029,355.33219097248724,26.014078803916814,379.0830478277866,0
138.2884344688416,6.2919271318645995,316.3284856769094,27.684469617384604,562.8424947408953,0
161.38124691163554,4.034683393295868,292.6640461523903,23.656983125527923,376.43283920402814,1
181.0554885688298,8.138927436283396,159.3838367202451,27.366284367739432,553.8826772822941,1
127.4372731162111,3.8151015676703692,234.26638629882228,31.696558890359896,425.84201750871887,1
121.82446391661864,6.209977572577627,327.9897946242761,12.37665869470365,611.5709605660423,0
182.59908068654963,3.6861313509099967,351.6275255576081,34.843136223513284,648.2994532121023,1
173.3117578109714,6.962605552462378,288.55179883590046,19.969537888787812,480.39072665490113,1
148.8145600468877,1.3953499755703533,335.66231954073066,35.87013424068618,529.6682241837264,0
106.06916802733178,3.892062372924795,284.12158983338077,27.62146802556163,589.8921728802104,0
121.21341955173553,2.278534398956541,289.47027620329413,19.557881921016225,589.935314672919,0
163.9147224372972,3.3023757943294605,262.57830852869154,20.31057005316641,500.8250269522993,1
188.89354248777025,5.716669103280138,296.2418779271046,33.129343214901944,593.6361489374681,1
143.2984116135046,7.652912959631554,333.50686431325096,17.52904286814675,593.6863707192102,0
116.26621645481455,3.7960245028745563,339.66797646726485,21.568443547719344,498.5850636731963,0
108.20363656752373,4.59769553031441,331.95361864705905,20.934969088494984,343.4062779011913,0
172.85081183115219,6.683864130609685,273.8644710227976,27.381154167607537,673.0002247498792,1
161.74438134165985,4.603313879135481,275.7364501393025,23.243617088612353,449.02502287987613,1
213.73977062226055,5.2226649694672105,297.925377436915,33.44566204530699,609.3593554106193,1
126.92890906852845,1.966277611454267,263.0400160980481,24.808469854693296,378.9925860774982,1
173.8271511374348,5.824685484232749,269.8127547583539,28.60717650839355,388.25337271254216,1
175.74793855951376,3.201787643312613,314.4368210517887,29.052089649451865,481.3826602915361,1
158.91070950359872,4.721863618993425,271.3604722236799,22.423192634503593,446.6227844416015,1
146.3131880943589,4.938238326094707,291.43933551799955,32.955579900518835,644.436790148859,0
108.74046588223035,3.1849012114797475,248.781680648405,26.3384403607591,419.38335096919906,0
130.18589609554024,6.4628730233711575,327.6530701572455,32.349580325296294,470.9633911882267,0
176.70953107736918,5.576068889733519,312.521514242955,23.850432380123205,381.7445194081271,1
179.53401027495312,5.285046490112221,322.7164453806724,30.44745849101715,621.3152619302894,1
105.21144150197549,5.536057719943078,269.53919521343215,22.415435049517143,539.5966352306898,0
128.94563804556762,3.5527104344284224,364.51752218754723,24.117360861926212,653.461724416903,0
99.99927347377435,2.3739241762797105,317.67618593761733,17.81694651902567,496.9577210386659,0
109.52489245744165,7.12412725144868,317.4017805644345,21.836427598372744,393.3271812759939,0
149.18937470775577,5.986884453963934,343.1536157630469,21.69659306831902,542.1765007935828,0
158.30283421032462,8.073761610514865,417.7000558197759,23.13579915698716,464.3884023900992,0
165.10011260283125,4.752963861737511,191.57995163767657,25.22428246092259,578.2770716758702,1
183.00544365285958,3.7541345963502843,313.6429760702588,29.096454855651064,206.7630282683122,1
110.92530544949867,4.301801123155919,279.62311224820627,25.449146740410743,377.0922551199816,0
134.9117657047134,4.146100548715005,251.96331784801652,26.51080243474699,466.7923600666536,0
129.07727142669202,4.838742540598573,210.74945979747605,26.100390725153453,408.1292389215782,0
190.81612455588524,3.0151103165500115,418.1472670744338,25.128111353421,595.2240431851747,1
113.36916515782484,2.809047098189625,303.12177286802876,27.645145828253785,271.1549956620576,0
112.87751780587556,4.754924370083177,378.70090003945086,20.30208768301133,515.215134792727,0
175.71726387023838,5.598505245115288,346.25471081376423,27.066535225669497,527.4711994618824,1
130.9806713589907,4.5781863466729344,248.3893401790568,18.325108968396165,583.1817363258881,0
136.0908489968041,6.622588814932072,315.5695890438081,27.95225717443116,421.44221896592705,0
158.03488496258245,5.098895163753548,325.29457366453346,24.27446119243115,658.1035436415895,0
191.6086918444285,4.311739562992268,324.02254097475776,32.72260665718494,523.3210414918073,1
107.6788320483407,5.317784329087706,341.94191057906687,18.265637094422004,584.6245061511319,0
154.61370943287793,5.414745377173507,222.97500250964498,16.269156522393757,469.36131752550034,1
162.96316704165773,7.468912955314531,359.6067837441118,30.26249786986652,712.2182780097843,0
138.04599891513777,2.94983556340302,336.4131684088195,28.362487643954573,420.1858698888168,0
182.9563326225295,6.203547045447459,292.7963464394154,25.385133353975853,378.57136823588434,1
107.5135947934796,2.5285675583395832,374.73982256312837,31.266071476046577,261.4237708537836,0
138.59107126612994,1.6907164940391093,344.5945023238857,29.2553862234046,560.5916319159272,0
134.0593387727553,2.571489082076469,306.05163852594967,20.098969942662762,562.0618630949316,0
114.91454400701289,5.697236060208995,368.1381755650663,23.15478945841564,422.59032191243796,0
116.26267268465647,5.87298454246309,307.44567519422833,26.668438037498678,519.2311261420243,0
134.42953652417972,6.606222342827611,355.66350727509786,24.077199665201984,616.5166756905247,0
126.39792559472095,2.16614919514483,350.70296458684413,22.27053522675535,418.29153001898396,0
113.01853867188461,3.620222700991252,203.56556118555108,30.64058873802906,414.86246823700253,0
181.72613480144415,3.3737941382269376,402.0483855791358,23.344032327874288,169.08438214585664,1
132.53547552593866,3.495911627065614,353.06093663618503,28.33847759225225,370.24398283853304,0
129.61970635481674,3.8511436381621618,343.9620690724222,23.19734865737338,538.2438983124963,0
128.40806731450817,3.7126776698996755,276.98877145304493,22.203401183879848,587.6420764860685,0
138.17285236193018,5.997313411580734,357.99338493626556,29.252484784156366,541.3661787582499,0
162.829326450576,4.5718013862349505,179.12902004157377,26.45695340115053,416.4597037323987,1
171.11658592989272,4.500446760649574,292.8184649856697,20.6044718641483,326.5374677990244,1
157.1085914382051,4.393427720213955,291.05771260102273,29.68258995428013,426.0819585000083,0
119.2060294077428,5.685778401199411,346.0750992828582,31.304194784821263,467.313453593717,0
114.77311575644615,5.776133635118212,234.57176765703076,19.26395422424568,465.32676504119445,0
170.05456346602838,6.439747614602302,303.578896523373,21.43590746186265,598.1714968160358,1
160.7070896594069,5.505329782728537,300.13657156829055,37.978008611528615,388.0226960930601,0
118.7451531838471,6.345858865666937,281.2287686702197,20.120547785801136,414.4122895992326,0
160.63257832701808,7.74490019005748,253.4976106889332,25.052382923899046,376.78189249057544,1
117.61591601256022,5.134250442500217,311.7407239633706,17.364863357452634,337.8287904407264,0
126.50567343881806,3.488478168634929,240.5256422185822,25.02762816896921,581.216608484148,0
131.75514600862658,2.6740744527704448,285.1403618515862,22.691649057740154,413.8662007845254,0
100.68118791277955,3.467550132956154,195.3036451401949,23.307266304399583,373.9193170465192,0
183.02487204973653,5.079615725127308,236.4433825732641,23.96070360515552,427.3985158294456,1
175.83605488800686,7.675910322867618,261.69136023176424,28.6957711013154,431.4292222746503,1
129.20662639336982,4.315657222032394,340.95845124370817,17.52229540117913,564.2990710905783,0
157.77879724574896,7.805078136659048,258.88170626791043,17.197511452864706,489.50875091359546,1
109.82979328416559,5.125495711014889,246.03083015006922,24.767490742026826,617.541792964732,0
101.95771901203494,3.3562398545715477,280.37745985642647,15.1723335088465,455.41066618911907,0
125.23282098172098,3.7567758650946432,349.2720391266979,23.81810733833253,522.3811313142968,0
137.0651069868334,4.455149732334022,393.1741223639227,17.57986605090042,538.2080205911434,0
126.81777519511817,5.043311661491786,314.1437457978588,28.8678182494343,365.9477452951013,0
64.50073461157629,4.4497696250849055,226.97752538016312,17.3422231561022,468.9205933481044,0
202.5066376634714,5.017757261462871,223.1037950115904,31.019053969380487,629.1615288359096,1
153.78498049106335,7.374192262335152,285.55237325735766,24.100699985298778,507.75089663496,0
176.7814865566055,6.6340064070299505,191.97472329742538,30.120923027606462,535.8625774513694,1
